,var_nod,var_non_comp_prob
all_stochastic,0.08065212949781209,0.09325523829753987
