,var_nod,var_non_comp_prob
ows_weight_stochastic,0.03556534697428988,0.08779472773084909
