,var_nod,var_non_comp_prob
rtd_weight_stochastic,0.04026030722311659,0.11868249203774578
