,var_nod,var_non_comp_prob
walking_speed_stochastic,0.08089101874216255,0.13000187452099063
