{"type": "saltelli", "n": 1024, "randomized": true, "salib_problem": {"num_vars": 4, "names": ["constant_weight_mean", "rtd_weight_mean", "ows_weight_mean", "walking_speed_mean"], "bounds": [[-0.4660238617700852, 1.150988514888316], [0.4661150507973404, 7.659424078546548], [-2.594927747895619, -0.7790477494589091], [0.8300000000000001, 1.67]], "sample_scaled": true}, "calc_second_order": true, "seed": 43}